{
    "variables": [],
    "info": {
        "name": "Laravel API",
        "_postman_id": "8be906cb-28df-4821-8b47-b563a72af5c4",
        "description": "",
        "schema": "https:\/\/schema.getpostman.com\/json\/collection\/v2.0.0\/collection.json"
    },
    "item": [
        {
            "name": "Auth",
            "description": "",
            "item": [
                {
                    "name": "Login",
                    "request": {
                        "url": {
                            "protocol": "http",
                            "host": "127.0.0.1:8000",
                            "path": "api\/auth\/login",
                            "query": []
                        },
                        "method": "POST",
                        "header": [
                            {
                                "key": "Content-Type",
                                "value": "application\/json"
                            },
                            {
                                "key": "Accept",
                                "value": "application\/json"
                            },
                            {
                                "key": "Authorization",
                                "value": "Bearer {token}"
                            }
                        ],
                        "body": {
                            "mode": "raw",
                            "raw": "{\n    \"mobile\": \"veritatis\"\n}"
                        },
                        "description": "\u0648\u0628 \u0633\u0631\u0648\u06cc\u0633 \u0648\u0631\u0648\u062f",
                        "response": []
                    }
                },
                {
                    "name": "Register",
                    "request": {
                        "url": {
                            "protocol": "http",
                            "host": "127.0.0.1:8000",
                            "path": "api\/auth\/register",
                            "query": []
                        },
                        "method": "POST",
                        "header": [
                            {
                                "key": "Content-Type",
                                "value": "application\/json"
                            },
                            {
                                "key": "Accept",
                                "value": "application\/json"
                            },
                            {
                                "key": "Authorization",
                                "value": "Bearer {token}"
                            }
                        ],
                        "body": {
                            "mode": "raw",
                            "raw": "{\n    \"fname\": \"hic\",\n    \"lname\": \"saepe\",\n    \"mobile\": \"nulla\"\n}"
                        },
                        "description": "\u062b\u0628\u062a \u0646\u0627\u0645",
                        "response": []
                    }
                },
                {
                    "name": "Confirm Code",
                    "request": {
                        "url": {
                            "protocol": "http",
                            "host": "127.0.0.1:8000",
                            "path": "api\/auth\/confirm",
                            "query": []
                        },
                        "method": "POST",
                        "header": [
                            {
                                "key": "Content-Type",
                                "value": "application\/json"
                            },
                            {
                                "key": "Accept",
                                "value": "application\/json"
                            },
                            {
                                "key": "Authorization",
                                "value": "Bearer {token}"
                            }
                        ],
                        "body": {
                            "mode": "raw",
                            "raw": "{\n    \"mobile\": \"et\",\n    \"password\": \"possimus\"\n}"
                        },
                        "description": "\u062a\u0627\u06cc\u06cc\u062f \u0631\u0645\u0632 \u0639\u0628\u0648\u0631",
                        "response": []
                    }
                }
            ]
        },
        {
            "name": "general",
            "description": "",
            "item": [
                {
                    "name": "api\/logout",
                    "request": {
                        "url": {
                            "protocol": "http",
                            "host": "127.0.0.1:8000",
                            "path": "api\/logout",
                            "query": []
                        },
                        "method": "GET",
                        "header": [
                            {
                                "key": "Content-Type",
                                "value": "application\/json"
                            },
                            {
                                "key": "Accept",
                                "value": "application\/json"
                            },
                            {
                                "key": "Authorization",
                                "value": "Bearer {token}"
                            }
                        ],
                        "body": {
                            "mode": "raw",
                            "raw": "[]"
                        },
                        "description": "",
                        "response": []
                    }
                },
                {
                    "name": "api\/audiobooks\/all",
                    "request": {
                        "url": {
                            "protocol": "http",
                            "host": "127.0.0.1:8000",
                            "path": "api\/audiobooks\/all",
                            "query": []
                        },
                        "method": "GET",
                        "header": [
                            {
                                "key": "Content-Type",
                                "value": "application\/json"
                            },
                            {
                                "key": "Accept",
                                "value": "application\/json"
                            },
                            {
                                "key": "Authorization",
                                "value": "Bearer {token}"
                            }
                        ],
                        "body": {
                            "mode": "raw",
                            "raw": "[]"
                        },
                        "description": "",
                        "response": []
                    }
                },
                {
                    "name": "api\/audiobooks\/{id}\/soundfile",
                    "request": {
                        "url": {
                            "protocol": "http",
                            "host": "127.0.0.1:8000",
                            "path": "api\/audiobooks\/:id\/soundfile",
                            "query": []
                        },
                        "method": "GET",
                        "header": [
                            {
                                "key": "Content-Type",
                                "value": "application\/json"
                            },
                            {
                                "key": "Accept",
                                "value": "application\/json"
                            },
                            {
                                "key": "Authorization",
                                "value": "Bearer {token}"
                            }
                        ],
                        "body": {
                            "mode": "raw",
                            "raw": "[]"
                        },
                        "description": "",
                        "response": []
                    }
                },
                {
                    "name": "api\/audiobooks\/{id}\/imagefile",
                    "request": {
                        "url": {
                            "protocol": "http",
                            "host": "127.0.0.1:8000",
                            "path": "api\/audiobooks\/:id\/imagefile",
                            "query": []
                        },
                        "method": "GET",
                        "header": [
                            {
                                "key": "Content-Type",
                                "value": "application\/json"
                            },
                            {
                                "key": "Accept",
                                "value": "application\/json"
                            },
                            {
                                "key": "Authorization",
                                "value": "Bearer {token}"
                            }
                        ],
                        "body": {
                            "mode": "raw",
                            "raw": "[]"
                        },
                        "description": "",
                        "response": []
                    }
                },
                {
                    "name": "api\/lectures\/all",
                    "request": {
                        "url": {
                            "protocol": "http",
                            "host": "127.0.0.1:8000",
                            "path": "api\/lectures\/all",
                            "query": []
                        },
                        "method": "GET",
                        "header": [
                            {
                                "key": "Content-Type",
                                "value": "application\/json"
                            },
                            {
                                "key": "Accept",
                                "value": "application\/json"
                            },
                            {
                                "key": "Authorization",
                                "value": "Bearer {token}"
                            }
                        ],
                        "body": {
                            "mode": "raw",
                            "raw": "[]"
                        },
                        "description": "",
                        "response": []
                    }
                },
                {
                    "name": "api\/lectures\/{id}\/lecturefile",
                    "request": {
                        "url": {
                            "protocol": "http",
                            "host": "127.0.0.1:8000",
                            "path": "api\/lectures\/:id\/lecturefile",
                            "query": []
                        },
                        "method": "GET",
                        "header": [
                            {
                                "key": "Content-Type",
                                "value": "application\/json"
                            },
                            {
                                "key": "Accept",
                                "value": "application\/json"
                            },
                            {
                                "key": "Authorization",
                                "value": "Bearer {token}"
                            }
                        ],
                        "body": {
                            "mode": "raw",
                            "raw": "[]"
                        },
                        "description": "",
                        "response": []
                    }
                },
                {
                    "name": "api\/lectures\/{id}\/imagefile",
                    "request": {
                        "url": {
                            "protocol": "http",
                            "host": "127.0.0.1:8000",
                            "path": "api\/lectures\/:id\/imagefile",
                            "query": []
                        },
                        "method": "GET",
                        "header": [
                            {
                                "key": "Content-Type",
                                "value": "application\/json"
                            },
                            {
                                "key": "Accept",
                                "value": "application\/json"
                            },
                            {
                                "key": "Authorization",
                                "value": "Bearer {token}"
                            }
                        ],
                        "body": {
                            "mode": "raw",
                            "raw": "[]"
                        },
                        "description": "",
                        "response": []
                    }
                },
                {
                    "name": "api\/lecturers\/all",
                    "request": {
                        "url": {
                            "protocol": "http",
                            "host": "127.0.0.1:8000",
                            "path": "api\/lecturers\/all",
                            "query": []
                        },
                        "method": "GET",
                        "header": [
                            {
                                "key": "Content-Type",
                                "value": "application\/json"
                            },
                            {
                                "key": "Accept",
                                "value": "application\/json"
                            },
                            {
                                "key": "Authorization",
                                "value": "Bearer {token}"
                            }
                        ],
                        "body": {
                            "mode": "raw",
                            "raw": "[]"
                        },
                        "description": "",
                        "response": []
                    }
                }
            ]
        }
    ]
}